{
  "accuracy": [
    0.8854444622993469,
    0.9541110992431641,
    0.9657222032546997,
    0.9718518257141113,
    0.9767962694168091,
    0.9803147912025452,
    0.9813148379325867,
    0.9839259386062622
  ],
  "loss": [
    0.3765726387500763,
    0.15126203000545502,
    0.11079464107751846,
    0.08882434666156769,
    0.0739203542470932,
    0.06124269962310791,
    0.057397421449422836,
    0.049027666449546814
  ],
  "val_accuracy": [
    0.9664999842643738,
    0.9721666574478149,
    0.9758333563804626,
    0.9766666889190674,
    0.9801666736602783,
    0.9768333435058594,
    0.9798333048820496,
    0.9789999723434448
  ],
  "val_loss": [
    0.11506032198667526,
    0.09145349264144897,
    0.08092281967401505,
    0.07757527381181717,
    0.06888329237699509,
    0.07958170771598816,
    0.07249798625707626,
    0.07533526420593262
  ],
  "test_accuracy": 0.9782000184059143,
  "test_loss": 0.0715535432100296
}